{
  "Timour307": {
    "username": "Timour307",
    "password": "Timour@2012",
    "name": "tim",
    "email": "timco307@gmail.com",
    "timestamp": "2025-06-09T20:12:56.083Z",
    "creation_ip": "72.129.179.229",
    "last_ip_used": "72.129.179.229",
    "last_ip": "72.129.179.229",
    "verified": true
  },
  "enjoyment": {
    "username": "enjoyment",
    "password": "Ls898dia",
    "name": "Ritter",
    "email": "ritter.oxley1@gmail.com",
    "timestamp": "2025-07-24T23:21:48.991Z",
    "creation_ip": "2600:1700:18e0:8070:a23e:1eee:2ef6:df7f",
    "last_ip_used": "2600:1700:18e0:8070:a23e:1eee:2ef6:df7f",
    "last_ip": "2600:1700:18e0:8070:a23e:1eee:2ef6:df7f",
    "verified": false,
    "verification_code": "2B0F34D0"
  },
  "erty": {
    "username": "erty",
    "password": "erty",
    "name": "erty",
    "email": "timco307@gmail.com",
    "timestamp": "2025-07-25T17:31:48.412Z",
    "creation_ip": "72.129.179.229",
    "last_ip_used": "72.129.179.229",
    "last_ip": "72.129.179.229",
    "verified": true
  },
  "qwerty": {
    "username": "qwerty",
    "password": "qwerty",
    "name": "qwerty",
    "email": "timco307@gmail.com",
    "creation_ip": "72.129.179.229",
    "last_ip_used": "72.129.179.229",
    "connected_accounts": [],
    "timestamp": "2025-07-26T01:47:35.334Z",
    "last_ip": "72.129.179.229",
    "verified": true
  }
}
